[{"label": "אבו גוש"}, {"label": "אבו סנאן"}, {"label": "אבו קרינאת"}, {"label": "אבו תלול"}, {"label": "אבטליון"}, {"label": "אביאל"}, {"label": "אביבים"}, {"label": "אביגדור"}, {"label": "אביגיל"}, {"label": "אביחיל"}, {"label": "אביעזר"}, {"label": "אבירים"}, {"label": "אביתר"}, {"label": "אבן יהודה"}, {"label": "אבן מנחם"}, {"label": "אבן ספיר"}, {"label": "אבן שמואל"}, {"label": "אבני איתן"}, {"label": "אבני חפץ"}, {"label": "אבנת"}, {"label": "אבשלום"}, {"label": "אדורה"}, {"label": "אדורים"}, {"label": "אדמית"}, {"label": "אדרת"}, {"label": "אודים"}, {"label": "אודם"}, {"label": "אום אל פחם"}, {"label": "אום אל קוטוף"}, {"label": "אום אלג'נם (אזור התרעה ישן)"}, {"label": "אום בטין"}, {"label": "אופקים"}, {"label": "אור הגנוז"}, {"label": "אור הנר"}, {"label": "אור יהודה"}, {"label": "אור עקיבא"}, {"label": "אורה"}, {"label": "אורות"}, {"label": "אורטל"}, {"label": "אורים"}, {"label": "אורנים"}, {"label": "אורנית"}, {"label": "אושה"}, {"label": "אזור"}, {"label": "אזור תעשייה אלון התבור"}, {"label": "אזור תעשייה אפק ולב הארץ"}, {"label": "אזור תעשייה אריאל"}, {"label": "אזור תעשייה באר טוביה"}, {"label": "אזור תעשייה בני יהודה"}, {"label": "אזור תעשייה בר-לב"}, {"label": "אזור תעשייה בראון"}, {"label": "אזור תעשייה ברוש"}, {"label": "אזור תעשייה ברקן"}, {"label": "אזור תעשייה גדרה"}, {"label": "אזור תעשייה דימונה"}, {"label": "אזור תעשייה הדרומי אשקלון"}, {"label": "אזור תעשייה הר טוב - צרעה"}, {"label": "אזור תעשייה חבל מודיעין שוהם"}, {"label": "אזור תעשייה חצור הגלילית (אזור התרעה ישן)"}, {"label": "אזור תעשייה טירה (אזור התרעה ישן)"}, {"label": "אזור תעשייה טמרה (אזור התרעה ישן)"}, {"label": "אזור תעשייה יקנעם עילית"}, {"label": "אזור תעשייה כנות"}, {"label": "אזור תעשייה כפר יונה"}, {"label": "אזור תעשייה כרמיאל"}, {"label": "אזור תעשייה מבוא כרמל"}, {"label": "אזור תעשייה מבואות הגלבוע"}, {"label": "אזור תעשייה מישור אדומים"}, {"label": "אזור תעשייה מיתרים"}, {"label": "אזור תעשייה נ.ע.מ"}, {"label": "אזור תעשייה ניר עציון"}, {"label": "אזור תעשייה נשר - רמלה"}, {"label": "אזור תעשייה עד הלום"}, {"label": "אזור תעשייה עידן הנגב"}, {"label": "אזור תעשייה עמק חפר"}, {"label": "אזור תעשייה צ.ח.ר"}, {"label": "אזור תעשייה ציפורית"}, {"label": "אזור תעשייה צפוני אשקלון"}, {"label": "אזור תעשייה קדמת גליל"}, {"label": "אזור תעשייה קיסריה"}, {"label": "אזור תעשייה קריית ביאליק"}, {"label": "אזור תעשייה קריית גת"}, {"label": "אזור תעשייה רבדים"}, {"label": "אזור תעשייה רותם"}, {"label": "אזור תעשייה רמת דלתון"}, {"label": "אזור תעשייה שחורת"}, {"label": "אזור תעשייה שחק"}, {"label": "אזור תעשייה שער בנימין"}, {"label": "אזור תעשייה שער נעמן"}, {"label": "אזור תעשייה תימורים"}, {"label": "אזור תעשייה תרדיון"}, {"label": "אחווה"}, {"label": "אחוזם"}, {"label": "אחוזת ברק"}, {"label": "אחיה"}, {"label": "אחיהוד"}, {"label": "אחיטוב"}, {"label": "אחיסמך"}, {"label": "אחיעזר"}, {"label": "איבטין"}, {"label": "איבי הנחל"}, {"label": "איזור תעשייה מילואות צפון"}, {"label": "אייל"}, {"label": "איילת השחר"}, {"label": "איירפורט סיטי"}, {"label": "אילון"}, {"label": "אילות"}, {"label": "אילניה"}, {"label": "אילת"}, {"label": "אירוס"}, {"label": "איתמר"}, {"label": "איתן"}, {"label": "אכסאל"}, {"label": "אל סייד"}, {"label": "אל עזי"}, {"label": "אל עמארני, אל מסק"}, {"label": "אל עריאן"}, {"label": "אל פורעה"}, {"label": "אל רום"}, {"label": "אלומה"}, {"label": "אלומות"}, {"label": "אלון"}, {"label": "אלון הגליל"}, {"label": "אלון מורה"}, {"label": "אלון שבות"}, {"label": "אלוני אבא"}, {"label": "אלוני הבשן"}, {"label": "אלוני יצחק"}, {"label": "אלונים"}, {"label": "אלי עד"}, {"label": "אליאב"}, {"label": "אליכין"}, {"label": "אליפז ומכרות תמנע"}, {"label": "אליפלט"}, {"label": "אליקים"}, {"label": "אלישיב"}, {"label": "אלישמע"}, {"label": "אלמגור"}, {"label": "אלמוג"}, {"label": "אלעד"}, {"label": "אלעזר"}, {"label": "אלפי מנשה"}, {"label": "אלקוש"}, {"label": "אלקנה"}, {"label": "אמונים"}, {"label": "אמירים"}, {"label": "אמנון"}, {"label": "אמץ"}, {"label": "אמציה (אזור התרעה ישן)"}, {"label": "אניעם"}, {"label": "אעבלין"}, {"label": "אעירה השחר"}, {"label": "אפיק"}, {"label": "אפיקים"}, {"label": "אפק"}, {"label": "אפקה"}, {"label": "אפרת"}, {"label": "ארבל"}, {"label": "ארגמן"}, {"label": "ארז"}, {"label": "אריאל"}, {"label": "ארסוף"}, {"label": "אש קודש"}, {"label": "אשבול"}, {"label": "אשבל"}, {"label": "אשדוד - א,ב,ד,ה"}, {"label": "אשדוד - איזור תעשייה צפוני"}, {"label": "אשדוד - ג,ו,ז"}, {"label": "אשדוד - ח,ט,י,יג,יד,טז"}, {"label": "אשדוד - כל האזורים"}, {"label": "אשדוד -יא,יב,טו,יז,מרינה,סיטי"}, {"label": "אשדות יעקב"}, {"label": "אשחר"}, {"label": "אשכולות"}, {"label": "אשל הנשיא"}, {"label": "אשלים"}, {"label": "אשקלון - דרום"}, {"label": "אשקלון - כל האזורים"}, {"label": "אשקלון - צפון"}, {"label": "אשרת"}, {"label": "אשתאול"}, {"label": "אשתמוע"}, {"label": "אתר דודאים"}, {"label": "אתר ההנצחה גולני"}, {"label": "באקה אל גרבייה"}, {"label": "באר אורה"}, {"label": "באר גנים"}, {"label": "באר טוביה"}, {"label": "באר יעקב"}, {"label": "באר מילכה"}, {"label": "באר שבע - דרום"}, {"label": "באר שבע - כל האזורים"}, {"label": "באר שבע - מזרח"}, {"label": "באר שבע - מערב"}, {"label": "באר שבע - צפון"}, {"label": "בארות יצחק"}, {"label": "בארותיים"}, {"label": "בארי"}, {"label": "בוסתן הגליל"}, {"label": "בועיינה-נוג'ידאת"}, {"label": "בוקעתא"}, {"label": "בורגתה"}, {"label": "בחלק מהאזורים בארץ"}, {"label": "בחן"}, {"label": "בטחה"}, {"label": "בי\"ס כרמים בנימינה"}, {"label": "ביצרון"}, {"label": "ביר אלמכסור"}, {"label": "ביר הדאג'"}, {"label": "ביריה"}, {"label": "בית אורן"}, {"label": "בית אל"}, {"label": "בית אלעזרי"}, {"label": "בית אלפא וחפציבה"}, {"label": "בית אריה"}, {"label": "בית ברל"}, {"label": "בית ג'אן"}, {"label": "בית גוברין"}, {"label": "בית גמליאל"}, {"label": "בית דגן"}, {"label": "בית הברכה"}, {"label": "בית הגדי"}, {"label": "בית הלוי"}, {"label": "בית הלל"}, {"label": "בית העלמין החדש נהריה"}, {"label": "בית העלמין החדש עכו"}, {"label": "בית העמק"}, {"label": "בית הערבה"}, {"label": "בית השיטה"}, {"label": "בית זית"}, {"label": "בית זרע"}, {"label": "בית חג\"י"}, {"label": "בית חגלה"}, {"label": "בית חורון"}, {"label": "בית חזון (אזור התרעה ישן)"}, {"label": "בית חלקיה"}, {"label": "בית חנן"}, {"label": "בית חנניה"}, {"label": "בית חרות"}, {"label": "בית חשמונאי"}, {"label": "בית יהושע"}, {"label": "בית יוסף"}, {"label": "בית ינאי"}, {"label": "בית יצחק - שער חפר"}, {"label": "בית ירח"}, {"label": "בית יתיר"}, {"label": "בית לחם הגלילית"}, {"label": "בית מאיר"}, {"label": "בית נחמיה"}, {"label": "בית ניר"}, {"label": "בית נקופה"}, {"label": "בית סוהר צלמון"}, {"label": "בית סוהר קישון"}, {"label": "בית ספר שדה מירון"}, {"label": "בית עובד"}, {"label": "בית עוזיאל"}, {"label": "בית עזרא"}, {"label": "בית עלמין מורשה"}, {"label": "בית עלמין תל רגב"}, {"label": "בית עריף"}, {"label": "בית צבי"}, {"label": "בית קמה"}, {"label": "בית קשת"}, {"label": "בית רימון"}, {"label": "בית שאן"}, {"label": "בית שמש"}, {"label": "בית שערים"}, {"label": "בית שקמה"}, {"label": "ביתן אהרן"}, {"label": "ביתר עילית"}, {"label": "בלפוריה"}, {"label": "בן זכאי"}, {"label": "בן עמי"}, {"label": "בן שמן"}, {"label": "בני אדם"}, {"label": "בני ברק"}, {"label": "בני דקלים"}, {"label": "בני דרום"}, {"label": "בני דרור"}, {"label": "בני יהודה וגבעת יואב"}, {"label": "בני נצרים"}, {"label": "בני עטרות"}, {"label": "בני עי''ש"}, {"label": "בני ציון"}, {"label": "בני ראם"}, {"label": "בניה"}, {"label": "בנימינה"}, {"label": "בסמת טבעון"}, {"label": "בענה"}, {"label": "בצרה"}, {"label": "בצת"}, {"label": "בקוע"}, {"label": "בקעות"}, {"label": "בר גיורא"}, {"label": "בר יוחאי"}, {"label": "בר כוכבא"}, {"label": "ברוכין"}, {"label": "ברור חיל"}, {"label": "ברוש"}, {"label": "ברחבי הארץ"}, {"label": "ברטעה"}, {"label": "ברכיה"}, {"label": "ברעם"}, {"label": "ברקאי"}, {"label": "ברקן"}, {"label": "ברקת"}, {"label": "בת הדר"}, {"label": "בת חן"}, {"label": "בת חפר"}, {"label": "בת ים"}, {"label": "בת עין"}, {"label": "בת שלמה"}, {"label": "בתי מלון ים המלח"}, {"label": "בתרונות"}, {"label": "ג'דידה מכר"}, {"label": "ג'וליס"}, {"label": "ג'לג'וליה"}, {"label": "ג'סר א-זרקא"}, {"label": "ג'ש - גוש חלב"}, {"label": "ג'ת"}, {"label": "גאולי תימן"}, {"label": "גאולים"}, {"label": "גאליה"}, {"label": "גבולות"}, {"label": "גבים, מכללת ספיר"}, {"label": "גבע בנימין"}, {"label": "גבע כרמל"}, {"label": "גבעון החדשה"}, {"label": "גבעות"}, {"label": "גבעות בר"}, {"label": "גבעות עדן"}, {"label": "גבעת אבני"}, {"label": "גבעת אלה"}, {"label": "גבעת אסף"}, {"label": "גבעת ברנר"}, {"label": "גבעת הראל"}, {"label": "גבעת הרואה"}, {"label": "גבעת השלושה"}, {"label": "גבעת וולפסון"}, {"label": "גבעת וושינגטון"}, {"label": "גבעת זאב"}, {"label": "גבעת חביבה (אזור התרעה ישן)"}, {"label": "גבעת חיים איחוד"}, {"label": "גבעת חיים מאוחד"}, {"label": "גבעת חן"}, {"label": "גבעת יערים"}, {"label": "גבעת ישעיהו"}, {"label": "גבעת כ''ח"}, {"label": "גבעת ניל''י"}, {"label": "גבעת עדה"}, {"label": "גבעת עוז"}, {"label": "גבעת פורת יוסף"}, {"label": "גבעת שמואל"}, {"label": "גבעת שפירא"}, {"label": "גבעתי"}, {"label": "גבעתיים"}, {"label": "גברעם"}, {"label": "גבת"}, {"label": "גדות"}, {"label": "גדעונה"}, {"label": "גדרה"}, {"label": "גונן"}, {"label": "גופנה"}, {"label": "גורן"}, {"label": "גורנות הגליל"}, {"label": "גזית"}, {"label": "גזר"}, {"label": "גיאה"}, {"label": "גיבתון"}, {"label": "גיזו"}, {"label": "גילת"}, {"label": "גינוסר"}, {"label": "גינתון"}, {"label": "גיתה"}, {"label": "גיתית"}, {"label": "גלאון"}, {"label": "גלגל"}, {"label": "גלעד"}, {"label": "גמזו"}, {"label": "גן הדרום"}, {"label": "גן השומרון"}, {"label": "גן חיים"}, {"label": "גן יאשיה"}, {"label": "גן יבנה"}, {"label": "גן נר"}, {"label": "גן שורק"}, {"label": "גן שלמה"}, {"label": "גן שמואל"}, {"label": "גנות"}, {"label": "גנות הדר"}, {"label": "גני הדר"}, {"label": "גני חוגה"}, {"label": "גני טל"}, {"label": "גני יוחנן"}, {"label": "גני עם"}, {"label": "גני תקווה"}, {"label": "גניגר"}, {"label": "געש"}, {"label": "געתון"}, {"label": "גפן"}, {"label": "גרופית"}, {"label": "גשור"}, {"label": "גשר"}, {"label": "גשר הזיו"}, {"label": "גת"}, {"label": "גת רימון"}, {"label": "דבוריה"}, {"label": "דביר"}, {"label": "דברת"}, {"label": "דגניה א"}, {"label": "דגניה ב"}, {"label": "דוב''ב"}, {"label": "דולב"}, {"label": "דור (אזור התרעה ישן)"}, {"label": "דור, נחשולים"}, {"label": "דורות"}, {"label": "דורות עילית"}, {"label": "דחי"}, {"label": "דימונה"}, {"label": "דיר אל-אסד"}, {"label": "דיר חנא"}, {"label": "דישון"}, {"label": "דליה"}, {"label": "דלית אל כרמל"}, {"label": "דלתון"}, {"label": "דמיידה"}, {"label": "דניאל (אזור התרעה ישן)"}, {"label": "דפנה"}, {"label": "דקל"}, {"label": "האון"}, {"label": "הבונים"}, {"label": "הגבעה הצהובה"}, {"label": "הגושרים"}, {"label": "הדר עם"}, {"label": "הוד השרון"}, {"label": "הודיה"}, {"label": "הודיות"}, {"label": "הושעיה"}, {"label": "הזורעים"}, {"label": "החווה של אורי כהן"}, {"label": "החווה של זוהר"}, {"label": "החווה של יאיא"}, {"label": "החווה של מנחם"}, {"label": "החווה של עשהאל"}, {"label": "החותרים"}, {"label": "היוגב"}, {"label": "היישוב היהודי חברון"}, {"label": "הילה"}, {"label": "המעפיל"}, {"label": "המרכז האקדמי רופין"}, {"label": "הסוללים"}, {"label": "העוגן"}, {"label": "הר אדר"}, {"label": "הר ברכה"}, {"label": "הר גילה"}, {"label": "הר חלוץ"}, {"label": "הר עמשא"}, {"label": "הראל"}, {"label": "הרדוף"}, {"label": "הרצליה - כל האזורים"}, {"label": "הרצליה - מערב"}, {"label": "הרצליה - מרכז וגליל ים"}, {"label": "הררית יחד"}, {"label": "ואדי אל חמאם"}, {"label": "ואדי אל נעם דרום"}, {"label": "ורד יריחו"}, {"label": "ורדון"}, {"label": "זבדיאל"}, {"label": "זוהר"}, {"label": "זיקים"}, {"label": "זיתן"}, {"label": "זכרון יעקב"}, {"label": "זכריה"}, {"label": "זמר"}, {"label": "זמרת, שובה"}, {"label": "זנוח"}, {"label": "זרועה"}, {"label": "זרזיר"}, {"label": "זרחיה"}, {"label": "זרעית"}, {"label": "ח'וואלד (אזור התרעה ישן)"}, {"label": "חבצלת השרון וצוקי ים"}, {"label": "חג'אג'רה"}, {"label": "חגור"}, {"label": "חגלה"}, {"label": "חד נס"}, {"label": "חדיד"}, {"label": "חדרה - מזרח"}, {"label": "חדרה - מערב"}, {"label": "חדרה - מרכז"}, {"label": "חדרה - נווה חיים"}, {"label": "חדרה כל - האזורים"}, {"label": "חוות אביה"}, {"label": "חוות אביחי"}, {"label": "חוות אל נווה"}, {"label": "חוות אלחי"}, {"label": "חוות ארץ האיילים"}, {"label": "חוות אשכולות"}, {"label": "חוות בניהו"}, {"label": "חוות גלעד"}, {"label": "חוות גנות"}, {"label": "חוות דרומא"}, {"label": "חוות הרועה העברי"}, {"label": "חוות הרשאש"}, {"label": "חוות חנינא"}, {"label": "חוות טואמין"}, {"label": "חוות טליה"}, {"label": "חוות יאיר"}, {"label": "חוות יד השומר"}, {"label": "חוות יויו"}, {"label": "חוות יזרעם (אזור התרעה ישן)"}, {"label": "חוות ינון"}, {"label": "חוות מגדלים"}, {"label": "חוות מגנזי"}, {"label": "חוות מדבר חבר"}, {"label": "חוות מור ואברהם"}, {"label": "חוות מלאכי אברהם"}, {"label": "חוות מלכיאל"}, {"label": "חוות מנחם"}, {"label": "חוות מעלה אהוביה"}, {"label": "חוות מקנה יהודה"}, {"label": "חוות מרום שמואל"}, {"label": "חוות נווה צוף"}, {"label": "חוות נוף אב\"י"}, {"label": "חוות נחל שילה"}, {"label": "חוות נחלת אבות"}, {"label": "חוות נחלת צבי"}, {"label": "חוות עדן"}, {"label": "חוות עולם חסד"}, {"label": "חוות עמיאל"}, {"label": "חוות פריאל"}, {"label": "חוות צאן קדר"}, {"label": "חוות צרידה"}, {"label": "חוות קשואלה"}, {"label": "חוות ראש תאנה"}, {"label": "חוות שדה"}, {"label": "חוות שוביאל"}, {"label": "חוות שחרית"}, {"label": "חוות תלם צפון"}, {"label": "חולדה"}, {"label": "חולון"}, {"label": "חולית"}, {"label": "חולתה"}, {"label": "חומש"}, {"label": "חוסן"}, {"label": "חוסנייה"}, {"label": "חוף אכזיב"}, {"label": "חוף בצת"}, {"label": "חוף זיקים"}, {"label": "חוף קליה"}, {"label": "חופית"}, {"label": "חוקוק"}, {"label": "חורה"}, {"label": "חורפיש"}, {"label": "חורשים"}, {"label": "חזון"}, {"label": "חיבת ציון"}, {"label": "חיננית"}, {"label": "חיפה - בת גלים ק.אליעזר"}, {"label": "חיפה - כל האזורים"}, {"label": "חיפה - כרמל, הדר ועיר תחתית"}, {"label": "חיפה - מערב"}, {"label": "חיפה - מפרץ"}, {"label": "חיפה - נווה שאנן ורמות כרמל"}, {"label": "חיפה - קריית חיים ושמואל"}, {"label": "חירן"}, {"label": "חלץ"}, {"label": "חמד"}, {"label": "חמדיה"}, {"label": "חמדת"}, {"label": "חמדת ימים"}, {"label": "חמרה"}, {"label": "חמת גדר"}, {"label": "חניאל"}, {"label": "חניון הנתיב מהיר (אזור התרעה ישן)"}, {"label": "חניון רעים אנדרטת הנובה"}, {"label": "חניתה"}, {"label": "חנתון"}, {"label": "חספין"}, {"label": "חפץ חיים"}, {"label": "חצב"}, {"label": "חצבה"}, {"label": "חצור"}, {"label": "חצור הגלילית"}, {"label": "חצרים"}, {"label": "חרב לאת"}, {"label": "חרוצים"}, {"label": "חרות"}, {"label": "חריש"}, {"label": "חרמש"}, {"label": "חרמש דרום"}, {"label": "חרשה"}, {"label": "חרשים"}, {"label": "חשמונאים"}, {"label": "טבריה"}, {"label": "טובא זנגריה"}, {"label": "טורעאן"}, {"label": "טייבה"}, {"label": "טייבה בגלבוע"}, {"label": "טירה"}, {"label": "טירת יהודה"}, {"label": "טירת כרמל"}, {"label": "טירת צבי"}, {"label": "טל - אל"}, {"label": "טל מנשה"}, {"label": "טל שחר"}, {"label": "טללים"}, {"label": "טלמון"}, {"label": "טמרה"}, {"label": "טמרה בגלבוע"}, {"label": "טנא עומרים"}, {"label": "טפחות"}, {"label": "יבוא דודי"}, {"label": "יבול"}, {"label": "יבנאל"}, {"label": "יבנה"}, {"label": "יגור"}, {"label": "יגל"}, {"label": "יד בנימין"}, {"label": "יד השמונה"}, {"label": "יד חנה"}, {"label": "יד מרדכי"}, {"label": "יד נתן"}, {"label": "יד רמב''ם"}, {"label": "יהוד מונוסון"}, {"label": "יהל"}, {"label": "יובלים"}, {"label": "יודפת"}, {"label": "יונתן"}, {"label": "יושיביה"}, {"label": "יזרעאל"}, {"label": "יחיעם"}, {"label": "יטבתה"}, {"label": "ייט''ב"}, {"label": "יכיני"}, {"label": "ינוב"}, {"label": "ינוח ג'ת"}, {"label": "ינון"}, {"label": "יסוד המעלה"}, {"label": "יסודות"}, {"label": "יסעור"}, {"label": "יעבץ, יעף"}, {"label": "יעד"}, {"label": "יעף (אזור התרעה ישן)"}, {"label": "יערה"}, {"label": "יפיע"}, {"label": "יפית"}, {"label": "יפעת"}, {"label": "יפתח"}, {"label": "יצהר"}, {"label": "יציץ"}, {"label": "יקום"}, {"label": "יקיר"}, {"label": "יקנעם המושבה והזורע"}, {"label": "יקנעם עילית"}, {"label": "יראון"}, {"label": "ירדנה"}, {"label": "ירוחם"}, {"label": "ירושלים - אזור תעשייה עטרות"}, {"label": "ירושלים - דרום"}, {"label": "ירושלים - כל האזורים"}, {"label": "ירושלים - כפר עקב"}, {"label": "ירושלים - מזרח"}, {"label": "ירושלים - מערב"}, {"label": "ירושלים - מרכז"}, {"label": "ירושלים - צפון"}, {"label": "ירחיב"}, {"label": "ירכא"}, {"label": "ירקונה"}, {"label": "ישובי אומן"}, {"label": "ישובי יעל"}, {"label": "ישעי"}, {"label": "ישרש"}, {"label": "יתד"}, {"label": "כאבול"}, {"label": "כאוכב אבו אלהיג'א"}, {"label": "כברי"}, {"label": "כדורי"}, {"label": "כוכב השחר"}, {"label": "כוכב יאיר - צור יגאל"}, {"label": "כוכב יעקב"}, {"label": "כוכב מיכאל"}, {"label": "כורזים ורד הגליל"}, {"label": "כחל"}, {"label": "כינרת מושבה"}, {"label": "כינרת קבוצה"}, {"label": "כיסופים"}, {"label": "כישור"}, {"label": "כל הארץ"}, {"label": "כליל"}, {"label": "כלנית"}, {"label": "כמהין"}, {"label": "כמון - כמאנה מזרחית"}, {"label": "כנות"}, {"label": "כנף"}, {"label": "כסייפה"}, {"label": "כסלון"}, {"label": "כסרא סמיע"}, {"label": "כעביה (אזור התרעה ישן)"}, {"label": "כעביה טבאש"}, {"label": "כפר אביב"}, {"label": "כפר אדומים"}, {"label": "כפר אוריה"}, {"label": "כפר אחים"}, {"label": "כפר אלדד"}, {"label": "כפר ביאליק"}, {"label": "כפר ביל''ו"}, {"label": "כפר בלום"}, {"label": "כפר בן נון"}, {"label": "כפר ברא"}, {"label": "כפר ברוך"}, {"label": "כפר גדעון"}, {"label": "כפר גלים"}, {"label": "כפר גליקסון"}, {"label": "כפר גלעדי"}, {"label": "כפר גמילה מלכישוע"}, {"label": "כפר דניאל"}, {"label": "כפר האורנים"}, {"label": "כפר החורש"}, {"label": "כפר המכבי"}, {"label": "כפר הנגיד"}, {"label": "כפר הנוער ימין אורד (אזור התרעה ישן)"}, {"label": "כפר הנוער קריית יערים"}, {"label": "כפר הנוקדים"}, {"label": "כפר הנשיא"}, {"label": "כפר הס"}, {"label": "כפר הרא''ה"}, {"label": "כפר הרי''ף וצומת ראם"}, {"label": "כפר ויתקין"}, {"label": "כפר ורבורג"}, {"label": "כפר ורדים"}, {"label": "כפר זוהרים"}, {"label": "כפר זיתים"}, {"label": "כפר ח'וואלד"}, {"label": "כפר חב''ד"}, {"label": "כפר חיטים"}, {"label": "כפר חיים"}, {"label": "כפר חנניה"}, {"label": "כפר חסידים"}, {"label": "כפר חרוב"}, {"label": "כפר טבאש (אזור התרעה ישן)"}, {"label": "כפר טרומן"}, {"label": "כפר יאסיף"}, {"label": "כפר ידידיה"}, {"label": "כפר יהושע"}, {"label": "כפר יובל"}, {"label": "כפר יונה"}, {"label": "כפר יחזקאל"}, {"label": "כפר יעבץ (אזור התרעה ישן)"}, {"label": "כפר כמא"}, {"label": "כפר כנא"}, {"label": "כפר מונש"}, {"label": "כפר מימון ותושיה"}, {"label": "כפר מל''ל"}, {"label": "כפר מנדא"}, {"label": "כפר מנחם"}, {"label": "כפר מסריק"}, {"label": "כפר מצר"}, {"label": "כפר מרדכי"}, {"label": "כפר נהר הירדן"}, {"label": "כפר נוער בן שמן"}, {"label": "כפר נטר"}, {"label": "כפר סאלד"}, {"label": "כפר סבא"}, {"label": "כפר סילבר"}, {"label": "כפר סירקין"}, {"label": "כפר עבודה"}, {"label": "כפר עזה"}, {"label": "כפר עציון"}, {"label": "כפר פינס"}, {"label": "כפר קאסם"}, {"label": "כפר קיש"}, {"label": "כפר קרע"}, {"label": "כפר רופין"}, {"label": "כפר רות"}, {"label": "כפר שמאי"}, {"label": "כפר שמואל"}, {"label": "כפר שמריהו"}, {"label": "כפר תבור"}, {"label": "כפר תפוח"}, {"label": "כפר תקווה"}, {"label": "כרכום"}, {"label": "כרם ביבנה"}, {"label": "כרם בן זמרה"}, {"label": "כרם מהר''ל"}, {"label": "כרם רעים"}, {"label": "כרם שלום"}, {"label": "כרמי יוסף"}, {"label": "כרמי צור"}, {"label": "כרמי קטיף (אזור התרעה ישן)"}, {"label": "כרמי קטיף ואמציה"}, {"label": "כרמיאל"}, {"label": "כרמיה"}, {"label": "כרמים"}, {"label": "כרמית"}, {"label": "כרמל"}, {"label": "לב החולה"}, {"label": "לבון"}, {"label": "לביא"}, {"label": "לבנים"}, {"label": "להב"}, {"label": "להבות הבשן"}, {"label": "להבות חביבה"}, {"label": "להבים"}, {"label": "לוד"}, {"label": "לוזית"}, {"label": "לוחמי הגטאות"}, {"label": "לוטם וחמדון"}, {"label": "לוטן"}, {"label": "לטרון"}, {"label": "לימן"}, {"label": "לכיש"}, {"label": "לפיד"}, {"label": "לפידות"}, {"label": "לקיה"}, {"label": "מאור"}, {"label": "מאיר שפיה"}, {"label": "מבוא ביתר"}, {"label": "מבוא דותן"}, {"label": "מבוא חורון"}, {"label": "מבוא חמה"}, {"label": "מבוא מודיעים"}, {"label": "מבואות יריחו"}, {"label": "מבועים"}, {"label": "מבטחים, עמיעוז, ישע"}, {"label": "מבקיעים"}, {"label": "מבשרת ציון"}, {"label": "מג'דל כרום"}, {"label": "מג'דל שמס"}, {"label": "מגדים"}, {"label": "מגדל"}, {"label": "מגדל העמק"}, {"label": "מגדל עוז"}, {"label": "מגדל תפן"}, {"label": "מגדלים"}, {"label": "מגל"}, {"label": "מגן"}, {"label": "מגן שאול"}, {"label": "מגרון"}, {"label": "מגשימים"}, {"label": "מדרך עוז"}, {"label": "מדרשת בן גוריון"}, {"label": "מודיעין - ישפרו סנטר"}, {"label": "מודיעין - ליגד סנטר"}, {"label": "מודיעין מכבים רעות"}, {"label": "מודיעין עילית"}, {"label": "מולדת"}, {"label": "מועאוויה"}, {"label": "מוצא עילית"}, {"label": "מוקיבלה"}, {"label": "מורן"}, {"label": "מורשת"}, {"label": "מזור"}, {"label": "מזכרת בתיה"}, {"label": "מזרע"}, {"label": "מזרעה"}, {"label": "מחולה"}, {"label": "מחניים"}, {"label": "מחסיה"}, {"label": "מטווח ניר עם"}, {"label": "מטולה"}, {"label": "מטע"}, {"label": "מי עמי"}, {"label": "מייסר"}, {"label": "מיני ישראל - נחשון"}, {"label": "מיצד"}, {"label": "מיצר"}, {"label": "מירב"}, {"label": "מירון"}, {"label": "מישר"}, {"label": "מיתר"}, {"label": "מכון וינגייט"}, {"label": "מכורה"}, {"label": "מכינת אלישע"}, {"label": "מכמורת"}, {"label": "מכמנים - כמאנה מערבית"}, {"label": "מלאכי השלום"}, {"label": "מלון אחוזת ירדן (אזור התרעה ישן)"}, {"label": "מלונות ים המלח מרכז"}, {"label": "מלכיה"}, {"label": "מנוחה"}, {"label": "מנוף"}, {"label": "מנות"}, {"label": "מנחמיה"}, {"label": "מנחת מחניים"}, {"label": "מנרה"}, {"label": "מנשית זבדה"}, {"label": "מסד"}, {"label": "מסדה"}, {"label": "מסוף אורנית"}, {"label": "מסילות"}, {"label": "מסילת ציון"}, {"label": "מסלול"}, {"label": "מסעדה"}, {"label": "מע'אר"}, {"label": "מעברות"}, {"label": "מעגלים, גבעולים, מלילות"}, {"label": "מעגן"}, {"label": "מעגן מיכאל"}, {"label": "מעוז חיים"}, {"label": "מעון"}, {"label": "מעון צופיה"}, {"label": "מעונה"}, {"label": "מעיין ברוך"}, {"label": "מעיין צבי"}, {"label": "מעיליא"}, {"label": "מעלה אדומים"}, {"label": "מעלה אפרים"}, {"label": "מעלה גלבוע"}, {"label": "מעלה גמלא"}, {"label": "מעלה החמישה"}, {"label": "מעלה חבר"}, {"label": "מעלה לבונה"}, {"label": "מעלה מכמש"}, {"label": "מעלה עירון"}, {"label": "מעלה עמוס"}, {"label": "מעלה צביה"}, {"label": "מעלה רחבעם"}, {"label": "מעלות תרשיחא"}, {"label": "מענית (אזור התרעה ישן)"}, {"label": "מענית, גבעת חביבה"}, {"label": "מעש"}, {"label": "מפלסים"}, {"label": "מצדה"}, {"label": "מצובה"}, {"label": "מצוקי דרגות"}, {"label": "מצליח"}, {"label": "מצפה"}, {"label": "מצפה אבי''ב"}, {"label": "מצפה אילן"}, {"label": "מצפה דני"}, {"label": "מצפה זי\"ו"}, {"label": "מצפה חגית"}, {"label": "מצפה יאיר"}, {"label": "מצפה יריחו"}, {"label": "מצפה מדרג"}, {"label": "מצפה נטופה"}, {"label": "מצפה רמון"}, {"label": "מצפה שלם"}, {"label": "מצפור פצאל"}, {"label": "מצר"}, {"label": "מקווה ישראל"}, {"label": "מרגליות"}, {"label": "מרום גולן"}, {"label": "מרחב עם"}, {"label": "מרחביה מושב"}, {"label": "מרחביה קיבוץ"}, {"label": "מרחצאות עין גדי"}, {"label": "מרכז אזורי דרום השרון"}, {"label": "מרכז אזורי מבואות חרמון"}, {"label": "מרכז אזורי מגילות"}, {"label": "מרכז אזורי מרום גליל"}, {"label": "מרכז אזורי משגב"}, {"label": "מרכז אזורי רמת כורזים"}, {"label": "מרכז חבר"}, {"label": "מרכז מיר''ב"}, {"label": "מרכז שפירא"}, {"label": "מרעית"}, {"label": "משאבי שדה"}, {"label": "משגב דב"}, {"label": "משגב עם"}, {"label": "משהד"}, {"label": "משואה"}, {"label": "משואות יצחק"}, {"label": "משכיות"}, {"label": "משמר איילון"}, {"label": "משמר דוד"}, {"label": "משמר הירדן"}, {"label": "משמר הנגב"}, {"label": "משמר העמק"}, {"label": "משמר השבעה"}, {"label": "משמר השרון"}, {"label": "משמרות"}, {"label": "משמרת"}, {"label": "משען"}, {"label": "מתחם בני דרום"}, {"label": "מתחם גלילות"}, {"label": "מתחם סקי גלבוע"}, {"label": "מתחם פי גלילות"}, {"label": "מתחם שביל התפוזים"}, {"label": "מתן"}, {"label": "מתת"}, {"label": "מתתיהו"}, {"label": "נאות גולן"}, {"label": "נאות הכיכר"}, {"label": "נאות מרדכי"}, {"label": "נאות סמדר"}, {"label": "נאות קדומים"}, {"label": "נאעורה"}, {"label": "נבטים"}, {"label": "נבי שועייב"}, {"label": "נגבה"}, {"label": "נגוהות"}, {"label": "נהורה"}, {"label": "נהלל"}, {"label": "נהריה"}, {"label": "נוב"}, {"label": "נוגה"}, {"label": "נוה איתן"}, {"label": "נווה"}, {"label": "נווה אור"}, {"label": "נווה אטי''ב"}, {"label": "נווה אילן"}, {"label": "נווה ארז"}, {"label": "נווה דניאל"}, {"label": "נווה זוהר"}, {"label": "נווה זיו"}, {"label": "נווה חריף"}, {"label": "נווה ים"}, {"label": "נווה ימין"}, {"label": "נווה ירק"}, {"label": "נווה מבטח"}, {"label": "נווה מיכאל - רוגלית"}, {"label": "נווה צוף"}, {"label": "נווה שלום"}, {"label": "נועם"}, {"label": "נוף איילון (אזור התרעה ישן)"}, {"label": "נוף איילון, שעלבים"}, {"label": "נוף הגליל"}, {"label": "נופי נחמיה"}, {"label": "נופי פרת"}, {"label": "נופים"}, {"label": "נופית"}, {"label": "נופך"}, {"label": "נוקדים"}, {"label": "נורדיה"}, {"label": "נורית"}, {"label": "נחושה"}, {"label": "נחל עוז"}, {"label": "נחלה"}, {"label": "נחליאל"}, {"label": "נחלים"}, {"label": "נחם"}, {"label": "נחף"}, {"label": "נחשולים (אזור התרעה ישן)"}, {"label": "נחשון"}, {"label": "נחשונים"}, {"label": "נטועה"}, {"label": "נטור"}, {"label": "נטע"}, {"label": "נטעים"}, {"label": "נטף"}, {"label": "נילי"}, {"label": "נין"}, {"label": "ניצן"}, {"label": "ניצנה"}, {"label": "ניצני עוז"}, {"label": "ניצנים"}, {"label": "ניר אליהו"}, {"label": "ניר בנים"}, {"label": "ניר גלים"}, {"label": "ניר דוד"}, {"label": "ניר ח''ן"}, {"label": "ניר יצחק"}, {"label": "ניר ישראל"}, {"label": "ניר משה"}, {"label": "ניר עוז"}, {"label": "ניר עם"}, {"label": "ניר עציון (אזור התרעה ישן)"}, {"label": "ניר עציון, ימין אורד"}, {"label": "ניר עקיבא"}, {"label": "ניר צבי"}, {"label": "נירים"}, {"label": "נירית"}, {"label": "נמל קיסריה"}, {"label": "נמרוד"}, {"label": "נס הרים"}, {"label": "נס עמים"}, {"label": "נס ציונה"}, {"label": "נעורים"}, {"label": "נעלה"}, {"label": "נעמה"}, {"label": "נען"}, {"label": "נערן"}, {"label": "נצר חזני"}, {"label": "נצר סרני"}, {"label": "נצרת"}, {"label": "נריה"}, {"label": "נשר"}, {"label": "נתיב הגדוד"}, {"label": "נתיב הל''ה"}, {"label": "נתיב העשרה"}, {"label": "נתיב השיירה"}, {"label": "נתיבות"}, {"label": "נתניה - כל האזורים"}, {"label": "נתניה - מזרח"}, {"label": "נתניה - מערב"}, {"label": "סאג'ור"}, {"label": "סאסא"}, {"label": "סביון"}, {"label": "סגולה"}, {"label": "סואעד חמירה"}, {"label": "סולם"}, {"label": "סוסיא"}, {"label": "סוסיא הקדומה"}, {"label": "סופה"}, {"label": "סינמה סיטי גלילות (אזור התרעה ישן)"}, {"label": "סכנין"}, {"label": "סלמה"}, {"label": "סלעית"}, {"label": "סמר"}, {"label": "סנדלה"}, {"label": "סנסנה"}, {"label": "סעד"}, {"label": "סעווה"}, {"label": "סער"}, {"label": "ספיר"}, {"label": "ספסופה - כפר חושן"}, {"label": "סתריה"}, {"label": "ע'ג'ר"}, {"label": "עבדון"}, {"label": "עברון"}, {"label": "עגור"}, {"label": "עדי"}, {"label": "עדי עד"}, {"label": "עדנים"}, {"label": "עוז וגאון"}, {"label": "עוזה"}, {"label": "עוזייר (אזור התרעה ישן)"}, {"label": "עוזייר, רומאנה"}, {"label": "עולש"}, {"label": "עומר"}, {"label": "עופר"}, {"label": "עופרים"}, {"label": "עוצם"}, {"label": "עזוז"}, {"label": "עזר"}, {"label": "עזריאל"}, {"label": "עזריה"}, {"label": "עזריקם"}, {"label": "עטרת"}, {"label": "עידן"}, {"label": "עיינות"}, {"label": "עילבון"}, {"label": "עילוט"}, {"label": "עין איילה"}, {"label": "עין אל אסד"}, {"label": "עין אל סהלה"}, {"label": "עין בוקק"}, {"label": "עין גב"}, {"label": "עין גדי"}, {"label": "עין דור"}, {"label": "עין הבשור"}, {"label": "עין הוד"}, {"label": "עין החורש"}, {"label": "עין המפרץ"}, {"label": "עין הנצי''ב"}, {"label": "עין העמק"}, {"label": "עין השופט"}, {"label": "עין השלושה"}, {"label": "עין ורד"}, {"label": "עין זיוון"}, {"label": "עין חוד"}, {"label": "עין חצבה"}, {"label": "עין חרוד (אזור התרעה ישן)"}, {"label": "עין חרוד, תל יוסף"}, {"label": "עין יהב"}, {"label": "עין יעקב"}, {"label": "עין כרמל"}, {"label": "עין מאהל"}, {"label": "עין נקובא"}, {"label": "עין עירון"}, {"label": "עין צורים"}, {"label": "עין קנייא"}, {"label": "עין ראפה"}, {"label": "עין שמר"}, {"label": "עין שריד"}, {"label": "עין תמר"}, {"label": "עינבר (אזור התרעה ישן)"}, {"label": "עינות קדם"}, {"label": "עינת"}, {"label": "עכו"}, {"label": "עכו - אזור תעשייה"}, {"label": "עכו - כל האזורים"}, {"label": "עכו - רמות ים"}, {"label": "עלומים"}, {"label": "עלי"}, {"label": "עלי זהב - לשם"}, {"label": "עלמה"}, {"label": "עלמון"}, {"label": "עמוקה"}, {"label": "עמיחי"}, {"label": "עמינדב"}, {"label": "עמיעד"}, {"label": "עמיקם"}, {"label": "עמיר"}, {"label": "עמנואל"}, {"label": "עמקה"}, {"label": "ענב"}, {"label": "עספיא"}, {"label": "עפולה"}, {"label": "עפרה"}, {"label": "עץ אפרים"}, {"label": "עצמון - שגב"}, {"label": "עראבה"}, {"label": "ערב אל נעים"}, {"label": "ערב אל עראמשה"}, {"label": "ערד"}, {"label": "ערוגות"}, {"label": "ערערה"}, {"label": "ערערה בנגב"}, {"label": "עשהאל"}, {"label": "עשרת"}, {"label": "עתלית"}, {"label": "עתניאל"}, {"label": "פארן"}, {"label": "פארק אריאל שרון"}, {"label": "פארק תעשיות מגדל עוז"}, {"label": "פארק תעשיות פלמחים"}, {"label": "פארק תעשייה ראם"}, {"label": "פדואל"}, {"label": "פדויים"}, {"label": "פדיה"}, {"label": "פוריה כפר עבודה"}, {"label": "פוריה נווה עובד"}, {"label": "פוריה עילית"}, {"label": "פוריידיס"}, {"label": "פורת"}, {"label": "פטיש"}, {"label": "פלך"}, {"label": "פלמחים"}, {"label": "פני קדם"}, {"label": "פנימיית עין כרם"}, {"label": "פסגות"}, {"label": "פסוטה"}, {"label": "פעמי תש''ז"}, {"label": "פצאל"}, {"label": "פקיעין"}, {"label": "פקיעין החדשה"}, {"label": "פרדס חנה כרכור"}, {"label": "פרדסיה"}, {"label": "פרוד"}, {"label": "פרי גן"}, {"label": "פתח תקווה"}, {"label": "פתחיה"}, {"label": "צאלים"}, {"label": "צבעון"}, {"label": "צובה"}, {"label": "צוחר, אוהד"}, {"label": "צומת אלמוג"}, {"label": "צומת הגוש"}, {"label": "צופים"}, {"label": "צופית"}, {"label": "צופר"}, {"label": "צוקים"}, {"label": "צור הדסה"}, {"label": "צור יצחק"}, {"label": "צור משה"}, {"label": "צור נתן"}, {"label": "צוריאל"}, {"label": "צורית גילון"}, {"label": "ציפורי"}, {"label": "צלפון"}, {"label": "צמח"}, {"label": "צפריה"}, {"label": "צפרירים"}, {"label": "צפת - כל האזורים"}, {"label": "צפת - נוף כנרת"}, {"label": "צפת - עיר"}, {"label": "צפת - עכברה"}, {"label": "צרופה"}, {"label": "צרעה"}, {"label": "קבוצת גבע"}, {"label": "קבוצת יבנה"}, {"label": "קדומים"}, {"label": "קדימה צורן"}, {"label": "קדיתא"}, {"label": "קדם ערבה"}, {"label": "קדמה"}, {"label": "קדמת צבי"}, {"label": "קדר"}, {"label": "קדר דרום"}, {"label": "קדרון"}, {"label": "קדרים"}, {"label": "קדש ברנע"}, {"label": "קוממיות"}, {"label": "קורנית"}, {"label": "קטורה"}, {"label": "קיבוץ דן"}, {"label": "קיבוץ מגידו"}, {"label": "קידה"}, {"label": "קיסריה"}, {"label": "קלחים"}, {"label": "קליה"}, {"label": "קלנסווה"}, {"label": "קלע אלון"}, {"label": "קסר א-סר"}, {"label": "קציר"}, {"label": "קצרין"}, {"label": "קצרין - אזור תעשייה"}, {"label": "קריית אונו"}, {"label": "קריית אתא"}, {"label": "קריית ביאליק"}, {"label": "קריית גת, כרמי גת"}, {"label": "קריית חינוך מרחבים"}, {"label": "קריית טבעון - בית זייד"}, {"label": "קריית ים"}, {"label": "קריית יערים"}, {"label": "קריית מוצקין"}, {"label": "קריית מלאכי"}, {"label": "קריית נטפים"}, {"label": "קריית ענבים"}, {"label": "קריית עקרון"}, {"label": "קריית שמונה"}, {"label": "קרית ארבע"}, {"label": "קרני שומרון"}, {"label": "קשת"}, {"label": "ראמה"}, {"label": "ראס אל-עין"}, {"label": "ראס עלי"}, {"label": "ראש הנקרה"}, {"label": "ראש העין"}, {"label": "ראש פינה"}, {"label": "ראש צורים"}, {"label": "ראשון לציון - כל האזורים"}, {"label": "ראשון לציון - מזרח"}, {"label": "ראשון לציון - מערב"}, {"label": "רבבה"}, {"label": "רבדים"}, {"label": "רביבים"}, {"label": "רביד"}, {"label": "רגבה"}, {"label": "רגבים"}, {"label": "רהט"}, {"label": "רווחה"}, {"label": "רוויה"}, {"label": "רוחמה"}, {"label": "רומאנה (אזור התרעה ישן)"}, {"label": "רומת אל הייב"}, {"label": "רועי"}, {"label": "רותם"}, {"label": "רחוב"}, {"label": "רחובות"}, {"label": "רחלים"}, {"label": "רטורנו - גבעת שמש"}, {"label": "ריחאנייה"}, {"label": "ריחן"}, {"label": "ריינה"}, {"label": "רימונים"}, {"label": "רינתיה"}, {"label": "רכסים"}, {"label": "רם און"}, {"label": "רמות"}, {"label": "רמות השבים"}, {"label": "רמות מאיר"}, {"label": "רמות מנשה"}, {"label": "רמות נפתלי"}, {"label": "רמלה"}, {"label": "רמת גן - כל האזורים"}, {"label": "רמת גן - מזרח"}, {"label": "רמת גן - מערב"}, {"label": "רמת דוד"}, {"label": "רמת הכובש"}, {"label": "רמת השופט"}, {"label": "רמת השרון"}, {"label": "רמת טראמפ"}, {"label": "רמת יוחנן"}, {"label": "רמת ישי"}, {"label": "רמת מגרון"}, {"label": "רמת מגשימים"}, {"label": "רמת צבי"}, {"label": "רמת רזיאל"}, {"label": "רנן"}, {"label": "רעים"}, {"label": "רעננה"}, {"label": "רקפת"}, {"label": "רשפון"}, {"label": "רשפים (אזור התרעה ישן)"}, {"label": "רשפים, שלוחות, שלפים"}, {"label": "רתמים"}, {"label": "שאנטי במדבר"}, {"label": "שאר ישוב"}, {"label": "שבות רחל"}, {"label": "שבי דרום"}, {"label": "שבי ציון"}, {"label": "שבי שומרון"}, {"label": "שבלי (אזור התרעה ישן)"}, {"label": "שגב שלום"}, {"label": "שדה אילן"}, {"label": "שדה אליהו"}, {"label": "שדה אליעזר"}, {"label": "שדה אפרים"}, {"label": "שדה בועז"}, {"label": "שדה בוקר"}, {"label": "שדה בר"}, {"label": "שדה דוד"}, {"label": "שדה ורבורג"}, {"label": "שדה יואב"}, {"label": "שדה יעקב"}, {"label": "שדה יצחק"}, {"label": "שדה משה"}, {"label": "שדה נחום"}, {"label": "שדה נחמיה"}, {"label": "שדה ניצן"}, {"label": "שדה עוזיהו"}, {"label": "שדה צבי"}, {"label": "שדות ים"}, {"label": "שדות מיכה"}, {"label": "שדי אברהם"}, {"label": "שדי חמד"}, {"label": "שדי תרומות"}, {"label": "שדמה"}, {"label": "שדמות דבורה"}, {"label": "שדמות מחולה"}, {"label": "שדרות, איבים"}, {"label": "שואבה"}, {"label": "שובל"}, {"label": "שוהם"}, {"label": "שומרה"}, {"label": "שומריה"}, {"label": "שוקדה"}, {"label": "שורש"}, {"label": "שורשים"}, {"label": "שושנת העמקים"}, {"label": "שזור"}, {"label": "שחר"}, {"label": "שחרות"}, {"label": "שיבולים"}, {"label": "שיבלי אום אלג'נם"}, {"label": "שיטים"}, {"label": "שייח' דנון"}, {"label": "שילה"}, {"label": "שילת"}, {"label": "שכניה"}, {"label": "שלווה"}, {"label": "שלוחות (אזור התרעה ישן)"}, {"label": "שלומי"}, {"label": "שלומית"}, {"label": "שלומציון"}, {"label": "שלפים (אזור התרעה ישן)"}, {"label": "שמיר"}, {"label": "שמעה"}, {"label": "שמרת"}, {"label": "שמשית"}, {"label": "שני ליבנה"}, {"label": "שניר"}, {"label": "שעב"}, {"label": "שעל"}, {"label": "שעלבים (אזור התרעה ישן)"}, {"label": "שער אפרים"}, {"label": "שער הגולן"}, {"label": "שער העמקים"}, {"label": "שער מנשה"}, {"label": "שערי תקווה"}, {"label": "שפיים"}, {"label": "שפיר"}, {"label": "שפר"}, {"label": "שפרעם"}, {"label": "שקד"}, {"label": "שקף"}, {"label": "שרונה"}, {"label": "שריגים - לי-און"}, {"label": "שריד"}, {"label": "שרשרת"}, {"label": "שתולה"}, {"label": "שתולים"}, {"label": "תארבין"}, {"label": "תאשור"}, {"label": "תדהר"}, {"label": "תובל"}, {"label": "תומר"}, {"label": "תחנת רכבת כפר ברוך"}, {"label": "תחנת רכבת כפר יהושוע"}, {"label": "תחנת רכבת קריית מלאכי - יואב"}, {"label": "תחנת רכבת ראש העין"}, {"label": "תימורים"}, {"label": "תירוש"}, {"label": "תל אביב - דרום העיר ויפו"}, {"label": "תל אביב - כל האזורים"}, {"label": "תל אביב - מזרח"}, {"label": "תל אביב - מרכז העיר"}, {"label": "תל אביב - עבר הירקון"}, {"label": "תל חי"}, {"label": "תל יוסף (אזור התרעה ישן)"}, {"label": "תל יצחק"}, {"label": "תל מונד"}, {"label": "תל עדשים"}, {"label": "תל ערד"}, {"label": "תל ציון"}, {"label": "תל קציר"}, {"label": "תל שבע"}, {"label": "תל תאומים"}, {"label": "תלם"}, {"label": "תלמי אליהו"}, {"label": "תלמי אלעזר"}, {"label": "תלמי ביל''ו"}, {"label": "תלמי יוסף"}, {"label": "תלמי יחיאל"}, {"label": "תלמי יפה"}, {"label": "תלמים"}, {"label": "תמרת"}, {"label": "תנובות"}, {"label": "תעוז"}, {"label": "תעשיון צריפין"}, {"label": "תפרח"}, {"label": "תקומה"}, {"label": "תקוע"}, {"label": "תקוע ד' וה'"}, {"label": "תרום"}]